[
    {
        "inputs": [],
        "stateMutability": "nonpayable",
        "type": "constructor"
    },
    {
        "anonymous": false,
        "inputs": [
            {
                "indexed": true,
                "internalType": "address",
                "name": "fromToken",
                "type": "address"
            },
            {
                "indexed": true,
                "internalType": "address",
                "name": "toToken",
                "type": "address"
            },
            {
                "indexed": false,
                "internalType": "uint256",
                "name": "amountIn",
                "type": "uint256"
            },
            {
                "indexed": false,
                "internalType": "uint256",
                "name": "amountOut",
                "type": "uint256"
            }
        ],
        "name": "ExchangeExecuted",
        "type": "event"
    },
    {
        "anonymous": false,
        "inputs": [
            {
                "indexed": true,
                "internalType": "address",
                "name": "owner",
                "type": "address"
            },
            {
                "indexed": false,
                "internalType": "uint256",
                "name": "feeAmount",
                "type": "uint256"
            }
        ],
        "name": "FeeCollected",
        "type": "event"
    },
    {
        "anonymous": false,
        "inputs": [
            {
                "indexed": false,
                "internalType": "uint256",
                "name": "oldFee",
                "type": "uint256"
            },
            {
                "indexed": false,
                "internalType": "uint256",
                "name": "newFee",
                "type": "uint256"
            }
        ],
        "name": "FeeUpdated",
        "type": "event"
    },
    {
        "anonymous": false,
        "inputs": [
            {
                "indexed": true,
                "internalType": "address",
                "name": "oldOwner",
                "type": "address"
            },
            {
                "indexed": true,
                "internalType": "address",
                "name": "newOwner",
                "type": "address"
            }
        ],
        "name": "OwnerChanged",
        "type": "event"
    },
    {
        "anonymous": false,
        "inputs": [
            {
                "indexed": true,
                "internalType": "address",
                "name": "oldRouter",
                "type": "address"
            },
            {
                "indexed": true,
                "internalType": "address",
                "name": "newRouter",
                "type": "address"
            }
        ],
        "name": "RouterAddressUpdated",
        "type": "event"
    },
    {
        "anonymous": false,
        "inputs": [
            {
                "indexed": true,
                "internalType": "address",
                "name": "oldWwan",
                "type": "address"
            },
            {
                "indexed": true,
                "internalType": "address",
                "name": "newWwan",
                "type": "address"
            }
        ],
        "name": "WWanAddressUpdated",
        "type": "event"
    },
    {
        "inputs": [
            {
                "internalType": "uint256",
                "name": "",
                "type": "uint256"
            }
        ],
        "name": "exchangeHistory",
        "outputs": [
            {
                "internalType": "address",
                "name": "fromToken",
                "type": "address"
            },
            {
                "internalType": "address",
                "name": "toToken",
                "type": "address"
            },
            {
                "internalType": "uint256",
                "name": "amountIn",
                "type": "uint256"
            },
            {
                "internalType": "uint256",
                "name": "amountOut",
                "type": "uint256"
            },
            {
                "internalType": "address",
                "name": "user",
                "type": "address"
            },
            {
                "internalType": "uint256",
                "name": "timestamp",
                "type": "uint256"
            }
        ],
        "stateMutability": "view",
        "type": "function"
    },
    {
        "inputs": [],
        "name": "feePercentage",
        "outputs": [
            {
                "internalType": "uint256",
                "name": "",
                "type": "uint256"
            }
        ],
        "stateMutability": "view",
        "type": "function"
    },
    {
        "inputs": [
            {
                "internalType": "address",
                "name": "fromToken",
                "type": "address"
            },
            {
                "internalType": "address",
                "name": "toToken",
                "type": "address"
            },
            {
                "internalType": "uint256",
                "name": "amountIn",
                "type": "uint256"
            }
        ],
        "name": "getBestOutputs",
        "outputs": [
            {
                "internalType": "uint256",
                "name": "",
                "type": "uint256"
            }
        ],
        "stateMutability": "view",
        "type": "function"
    },
    {
        "inputs": [],
        "name": "getSwapHistory",
        "outputs": [
            {
                "components": [
                    {
                        "internalType": "address",
                        "name": "fromToken",
                        "type": "address"
                    },
                    {
                        "internalType": "address",
                        "name": "toToken",
                        "type": "address"
                    },
                    {
                        "internalType": "uint256",
                        "name": "amountIn",
                        "type": "uint256"
                    },
                    {
                        "internalType": "uint256",
                        "name": "amountOut",
                        "type": "uint256"
                    },
                    {
                        "internalType": "address",
                        "name": "user",
                        "type": "address"
                    },
                    {
                        "internalType": "uint256",
                        "name": "timestamp",
                        "type": "uint256"
                    }
                ],
                "internalType": "struct ZebraExchange.ExchangeHistory[]",
                "name": "",
                "type": "tuple[]"
            }
        ],
        "stateMutability": "view",
        "type": "function"
    },
    {
        "inputs": [],
        "name": "owner",
        "outputs": [
            {
                "internalType": "address",
                "name": "",
                "type": "address"
            }
        ],
        "stateMutability": "view",
        "type": "function"
    },
    {
        "inputs": [],
        "name": "router",
        "outputs": [
            {
                "internalType": "contract IUniswapV2Router",
                "name": "",
                "type": "address"
            }
        ],
        "stateMutability": "view",
        "type": "function"
    },
    {
        "inputs": [
            {
                "internalType": "uint256",
                "name": "newFee",
                "type": "uint256"
            }
        ],
        "name": "setFeePercentage",
        "outputs": [],
        "stateMutability": "nonpayable",
        "type": "function"
    },
    {
        "inputs": [
            {
                "internalType": "address",
                "name": "newOwner",
                "type": "address"
            }
        ],
        "name": "setOwner",
        "outputs": [],
        "stateMutability": "nonpayable",
        "type": "function"
    },
    {
        "inputs": [
            {
                "internalType": "address",
                "name": "newRouter",
                "type": "address"
            }
        ],
        "name": "setRouterAddress",
        "outputs": [],
        "stateMutability": "nonpayable",
        "type": "function"
    },
    {
        "inputs": [
            {
                "internalType": "address",
                "name": "newWWan",
                "type": "address"
            }
        ],
        "name": "setWWanAddress",
        "outputs": [],
        "stateMutability": "nonpayable",
        "type": "function"
    },
    {
        "inputs": [
            {
                "internalType": "address",
                "name": "toToken",
                "type": "address"
            }
        ],
        "name": "swapWANToToken",
        "outputs": [],
        "stateMutability": "payable",
        "type": "function"
    },
    {
        "inputs": [],
        "name": "w_wan",
        "outputs": [
            {
                "internalType": "address",
                "name": "",
                "type": "address"
            }
        ],
        "stateMutability": "view",
        "type": "function"
    }
]