[
    {
        "inputs": [
            {
                "internalType": "address",
                "name": "liquidityNFTAddress",
                "type": "address"
            }
        ],
        "stateMutability": "nonpayable",
        "type": "constructor"
    },
    {
        "inputs": [
            {
                "internalType": "address",
                "name": "owner",
                "type": "address"
            }
        ],
        "name": "OwnableInvalidOwner",
        "type": "error"
    },
    {
        "inputs": [
            {
                "internalType": "address",
                "name": "account",
                "type": "address"
            }
        ],
        "name": "OwnableUnauthorizedAccount",
        "type": "error"
    },
    {
        "inputs": [
            {
                "internalType": "address",
                "name": "token",
                "type": "address"
            }
        ],
        "name": "SafeERC20FailedOperation",
        "type": "error"
    },
    {
        "anonymous": false,
        "inputs": [
            {
                "indexed": true,
                "internalType": "address",
                "name": "oldFeeCollector",
                "type": "address"
            },
            {
                "indexed": true,
                "internalType": "address",
                "name": "newFeeCollector",
                "type": "address"
            }
        ],
        "name": "FeeCollectorChanged",
        "type": "event"
    },
    {
        "anonymous": false,
        "inputs": [
            {
                "indexed": false,
                "internalType": "uint256",
                "name": "amount",
                "type": "uint256"
            }
        ],
        "name": "FeesCollected",
        "type": "event"
    },
    {
        "anonymous": false,
        "inputs": [
            {
                "indexed": false,
                "internalType": "address",
                "name": "user",
                "type": "address"
            },
            {
                "indexed": false,
                "internalType": "address",
                "name": "token",
                "type": "address"
            },
            {
                "indexed": false,
                "internalType": "uint256",
                "name": "amount",
                "type": "uint256"
            }
        ],
        "name": "LiquidityAdded",
        "type": "event"
    },
    {
        "anonymous": false,
        "inputs": [
            {
                "indexed": false,
                "internalType": "address",
                "name": "user",
                "type": "address"
            },
            {
                "indexed": false,
                "internalType": "address",
                "name": "token",
                "type": "address"
            },
            {
                "indexed": false,
                "internalType": "uint256",
                "name": "amount",
                "type": "uint256"
            }
        ],
        "name": "LiquidityRemoved",
        "type": "event"
    },
    {
        "anonymous": false,
        "inputs": [
            {
                "indexed": true,
                "internalType": "address",
                "name": "previousOwner",
                "type": "address"
            },
            {
                "indexed": true,
                "internalType": "address",
                "name": "newOwner",
                "type": "address"
            }
        ],
        "name": "OwnershipTransferred",
        "type": "event"
    },
    {
        "anonymous": false,
        "inputs": [
            {
                "indexed": true,
                "internalType": "address",
                "name": "user",
                "type": "address"
            },
            {
                "indexed": false,
                "internalType": "address",
                "name": "inputToken",
                "type": "address"
            },
            {
                "indexed": false,
                "internalType": "address",
                "name": "outputToken",
                "type": "address"
            },
            {
                "indexed": false,
                "internalType": "uint256",
                "name": "inputAmount",
                "type": "uint256"
            },
            {
                "indexed": false,
                "internalType": "uint256",
                "name": "outputAmount",
                "type": "uint256"
            }
        ],
        "name": "Swapped",
        "type": "event"
    },
    {
        "anonymous": false,
        "inputs": [
            {
                "indexed": false,
                "internalType": "string",
                "name": "symbol",
                "type": "string"
            },
            {
                "indexed": false,
                "internalType": "address",
                "name": "tokenAddress",
                "type": "address"
            },
            {
                "indexed": false,
                "internalType": "uint256",
                "name": "price",
                "type": "uint256"
            },
            {
                "indexed": false,
                "internalType": "uint8",
                "name": "decimals",
                "type": "uint8"
            }
        ],
        "name": "TokenAllowed",
        "type": "event"
    },
    {
        "inputs": [],
        "name": "FEE_PERCENTAGE",
        "outputs": [
            {
                "internalType": "uint256",
                "name": "",
                "type": "uint256"
            }
        ],
        "stateMutability": "view",
        "type": "function"
    },
    {
        "inputs": [
            {
                "internalType": "string",
                "name": "inputSymbol",
                "type": "string"
            },
            {
                "internalType": "string",
                "name": "outputSymbol",
                "type": "string"
            },
            {
                "internalType": "uint256",
                "name": "inputAmount",
                "type": "uint256"
            }
        ],
        "name": "TokenToToken",
        "outputs": [],
        "stateMutability": "nonpayable",
        "type": "function"
    },
    {
        "inputs": [
            {
                "internalType": "string",
                "name": "inputSymbol",
                "type": "string"
            },
            {
                "internalType": "uint256",
                "name": "inputAmount",
                "type": "uint256"
            }
        ],
        "name": "TokenToWan",
        "outputs": [],
        "stateMutability": "nonpayable",
        "type": "function"
    },
    {
        "inputs": [
            {
                "internalType": "string",
                "name": "outputSymbol",
                "type": "string"
            }
        ],
        "name": "WanToToken",
        "outputs": [],
        "stateMutability": "payable",
        "type": "function"
    },
    {
        "inputs": [],
        "name": "_historyIndex",
        "outputs": [
            {
                "internalType": "uint256",
                "name": "",
                "type": "uint256"
            }
        ],
        "stateMutability": "view",
        "type": "function"
    },
    {
        "inputs": [
            {
                "internalType": "string",
                "name": "symbol",
                "type": "string"
            },
            {
                "internalType": "uint256",
                "name": "amount",
                "type": "uint256"
            }
        ],
        "name": "addLiquidity",
        "outputs": [],
        "stateMutability": "nonpayable",
        "type": "function"
    },
    {
        "inputs": [
            {
                "internalType": "string",
                "name": "symbol",
                "type": "string"
            },
            {
                "internalType": "address",
                "name": "tokenAddress",
                "type": "address"
            },
            {
                "internalType": "uint256",
                "name": "price",
                "type": "uint256"
            },
            {
                "internalType": "uint8",
                "name": "decimals",
                "type": "uint8"
            }
        ],
        "name": "allowToken",
        "outputs": [],
        "stateMutability": "nonpayable",
        "type": "function"
    },
    {
        "inputs": [
            {
                "internalType": "string",
                "name": "",
                "type": "string"
            }
        ],
        "name": "allowedTokens",
        "outputs": [
            {
                "internalType": "address",
                "name": "tokenAddress",
                "type": "address"
            },
            {
                "internalType": "bool",
                "name": "isAllowed",
                "type": "bool"
            },
            {
                "internalType": "uint256",
                "name": "price",
                "type": "uint256"
            },
            {
                "internalType": "uint8",
                "name": "decimals",
                "type": "uint8"
            }
        ],
        "stateMutability": "view",
        "type": "function"
    },
    {
        "inputs": [
            {
                "internalType": "string",
                "name": "symbol",
                "type": "string"
            },
            {
                "internalType": "uint256",
                "name": "newPrice",
                "type": "uint256"
            }
        ],
        "name": "changeTokenPrice",
        "outputs": [],
        "stateMutability": "nonpayable",
        "type": "function"
    },
    {
        "inputs": [],
        "name": "feeCollector",
        "outputs": [
            {
                "internalType": "address",
                "name": "",
                "type": "address"
            }
        ],
        "stateMutability": "view",
        "type": "function"
    },
    {
        "inputs": [],
        "name": "getAllHistory",
        "outputs": [
            {
                "components": [
                    {
                        "internalType": "uint256",
                        "name": "historyId",
                        "type": "uint256"
                    },
                    {
                        "internalType": "string",
                        "name": "tokenA",
                        "type": "string"
                    },
                    {
                        "internalType": "string",
                        "name": "tokenB",
                        "type": "string"
                    },
                    {
                        "internalType": "uint256",
                        "name": "inputValue",
                        "type": "uint256"
                    },
                    {
                        "internalType": "uint256",
                        "name": "outputValue",
                        "type": "uint256"
                    },
                    {
                        "internalType": "address",
                        "name": "userAddress",
                        "type": "address"
                    }
                ],
                "internalType": "struct ZebraSwap.History[]",
                "name": "",
                "type": "tuple[]"
            }
        ],
        "stateMutability": "view",
        "type": "function"
    },
    {
        "inputs": [
            {
                "internalType": "address",
                "name": "tokenAddress",
                "type": "address"
            }
        ],
        "name": "getTokenBalance",
        "outputs": [
            {
                "internalType": "uint256",
                "name": "",
                "type": "uint256"
            }
        ],
        "stateMutability": "view",
        "type": "function"
    },
    {
        "inputs": [
            {
                "internalType": "string",
                "name": "symbol",
                "type": "string"
            }
        ],
        "name": "getTokenInfo",
        "outputs": [
            {
                "internalType": "address",
                "name": "tokenAddress",
                "type": "address"
            },
            {
                "internalType": "uint256",
                "name": "price",
                "type": "uint256"
            },
            {
                "internalType": "bool",
                "name": "isAllowed",
                "type": "bool"
            }
        ],
        "stateMutability": "view",
        "type": "function"
    },
    {
        "inputs": [],
        "name": "liquidityNFT",
        "outputs": [
            {
                "internalType": "contract ZebraLiquidityNFT",
                "name": "",
                "type": "address"
            }
        ],
        "stateMutability": "view",
        "type": "function"
    },
    {
        "inputs": [
            {
                "internalType": "address",
                "name": "",
                "type": "address"
            },
            {
                "internalType": "address",
                "name": "",
                "type": "address"
            }
        ],
        "name": "liquidityPositions",
        "outputs": [
            {
                "internalType": "uint256",
                "name": "amount",
                "type": "uint256"
            },
            {
                "internalType": "uint256",
                "name": "timestamp",
                "type": "uint256"
            }
        ],
        "stateMutability": "view",
        "type": "function"
    },
    {
        "inputs": [],
        "name": "owner",
        "outputs": [
            {
                "internalType": "address",
                "name": "",
                "type": "address"
            }
        ],
        "stateMutability": "view",
        "type": "function"
    },
    {
        "inputs": [
            {
                "internalType": "string",
                "name": "symbol",
                "type": "string"
            },
            {
                "internalType": "uint256",
                "name": "amount",
                "type": "uint256"
            },
            {
                "internalType": "uint256",
                "name": "nftId",
                "type": "uint256"
            }
        ],
        "name": "removeLiquidity",
        "outputs": [],
        "stateMutability": "nonpayable",
        "type": "function"
    },
    {
        "inputs": [],
        "name": "renounceOwnership",
        "outputs": [],
        "stateMutability": "nonpayable",
        "type": "function"
    },
    {
        "inputs": [
            {
                "internalType": "address payable",
                "name": "newFeeCollector",
                "type": "address"
            }
        ],
        "name": "setFeeCollector",
        "outputs": [],
        "stateMutability": "nonpayable",
        "type": "function"
    },
    {
        "inputs": [
            {
                "internalType": "uint256",
                "name": "newFeePercentage",
                "type": "uint256"
            }
        ],
        "name": "setFeePercentage",
        "outputs": [],
        "stateMutability": "nonpayable",
        "type": "function"
    },
    {
        "inputs": [
            {
                "internalType": "address",
                "name": "newOwner",
                "type": "address"
            }
        ],
        "name": "transferOwnership",
        "outputs": [],
        "stateMutability": "nonpayable",
        "type": "function"
    },
    {
        "stateMutability": "payable",
        "type": "receive"
    }
]